"","x","y","colour.x","is_In_1"
"1",-28.2133657778247,-0.17871356829513,0,0
"2",-27.9292806962636,0.288081554013307,0,0
"3",-27.7248148989839,0.10151744684564,0,0
"4",-27.4499345691395,0.502930900631436,0,0
"5",-27.3843187487304,0.686884632251953,0,0
"6",-27.2959138916977,3.57560447636266,1,0
"8",-26.2361570516792,-0.549915134731797,0,0
"9",-26.2341268988391,1.84526919281628,0,0
"10",-26.0210166139653,-0.553452107827576,0,0
"11",-25.8641905080756,-2.9047383731144,0,0
"12",-25.4742536653406,-0.937578291775212,0,0
"13",-25.4451394890994,-6.63540052024759,0,0
"14",-25.3429550812832,0.580350568634549,0,0
"16",-25.2548018230867,4.14036145531977,1,0
"17",-25.1593604401231,4.02383752578447,1,0
"19",-24.8580964689168,0.932178346950452,0,0
"21",-24.6474925072838,2.53239101371739,0,0
"22",-24.5398383328919,2.15982536896242,0,0
"23",-24.2904270676898,2.42694438417025,0,0
"24",-24.2537581092054,-11.4875423324676,1,0
"25",-24.2484884252832,2.97235148988806,0,0
"26",-24.1605194312388,0.314384637413825,0,0
"27",-24.0243575390765,2.52474415092264,0,0
"29",-23.9553874639948,2.75631805380252,0,0
"31",-23.7873498088399,2.2926736495587,0,0
"33",-23.7625858986138,0.891065994852043,0,0
"34",-23.7345985287414,1.29730667701746,0,0
"35",-23.7300384707337,2.23029785311656,0,0
"38",-23.6235088130958,1.26165143453956,0,0
"39",-23.5680055406429,-3.54737888022631,0,0
"40",-23.5338708426061,-3.57771048367942,0,0
"41",-23.527687025845,-1.89123766307926,0,0
"42",-23.398213611121,1.05549601664925,0,0
"44",-23.3091616182944,4.34649683433692,0,0
"46",-22.8869096664711,3.967581362489,0,0
"48",-22.6808159561831,-7.12173733061515,0,0
"49",-22.6350420517485,-1.08921145797085,0,0
"50",-22.6335753618295,-0.964890141959005,0,0
"51",-22.5068121823766,5.78284102173468,0,0
"53",-22.4895863170327,-7.23829490536091,0,0
"54",-22.2022907711307,-1.24583332085786,0,0
"55",-22.1306469440898,-1.63348532486387,0,0
"56",-22.0197763326916,-4.21054700498455,1,0
"57",-21.9942136174552,1.29652652123061,0,0
"58",-21.9258645715735,9.81626394321279,1,0
"59",-21.8938394981827,-2.2711603060043,0,0
"60",-21.857447213254,1.25608193747085,0,0
"61",-21.8330099709192,1.21114917454523,0,0
"62",-21.78388646,0.666837842396978,0,0
"63",-21.7493609946021,2.06987901061263,0,0
"64",-21.7113496884831,0.372312127437547,0,0
"65",-21.6964322250854,-1.03495047990018,0,0
"66",-21.6777730159976,9.78303083202289,0,0
"67",-21.6532539410159,-2.6962711199944,0,0
"68",-21.6521732442647,2.1052984155179,0,0
"69",-21.5747157691774,-2.88520576503372,0,0
"70",-21.5043152407661,1.54598032935321,0,0
"71",-21.2181219394976,-1.26457896345914,0,0
"72",-21.1942972526313,-3.63029164381899,0,0
"73",-21.1590175450516,9.78729439279071,0,0
"74",-21.113037116831,-7.56421041930286,0,0
"76",-21.076352198634,13.5068178277234,0,0
"78",-20.791139896527,12.3849785964583,0,0
"79",-20.7568969854062,-9.76684694992728,0,0
"80",-20.7108267203533,-7.54702626824376,0,0
"81",-20.6338331605638,9.78962042049311,0,0
"82",-20.6290595393535,13.7140875450264,0,0
"83",-20.5254120486603,8.14846771285924,0,0
"84",-20.4386742771096,12.6992553538907,0,0
"85",-20.264309415827,12.4495415531891,0,0
"86",-20.1347819244878,13.591319178127,0,0
"87",-20.1299020434977,4.54286513739423,0,0
"88",-20.0835007177297,13.6159697346321,0,0
"90",-19.7726593468045,1.47430845140397,0,0
"92",-19.7194264654531,1.6546051221501,0,0
"93",-19.7182322123349,8.30210252590423,0,0
"94",-19.6984505060444,-5.29519492250623,1,0
"97",-19.6791119568791,3.62364985536801,0,0
"98",-19.6719538482346,-12.4006895850717,0,0
"99",-19.6169885226774,1.18095582184325,0,0
"100",-19.6096651511366,4.22161216885128,0,0
"101",-19.5978382979311,-5.69119107145353,0,0
"102",-19.5846958449875,-5.35399834777171,0,0
"103",-19.5377519340556,1.46871102080784,0,0
"104",-19.5174353264953,12.537764781813,0,0
"105",-19.4708297072448,5.89989627802714,0,0
"106",-19.445701122426,8.94580150200556,0,0
"107",-19.4384271954987,9.74930971930931,0,0
"109",-19.352176501367,12.7206360646471,0,0
"110",-19.3127330643784,3.31332633005386,1,0
"111",-19.299502212778,7.43927282069203,0,0
"113",-19.2219535054627,-12.4958688518753,0,0
"114",-19.2053181493727,11.8624055757562,0,0
"115",-19.1698236801857,4.00595173000947,0,0
"117",-19.1645536151321,9.70169333997871,0,0
"121",-18.9137741060291,7.48749603640614,0,0
"122",-18.9093738544158,14.2969868860456,1,0
"123",-18.8196179651956,8.73011887625543,0,0
"124",-18.8008227207991,6.71318083777004,0,0
"125",-18.7574186339207,12.9971638126843,0,0
"126",-18.7488346903356,6.76812873973621,0,0
"127",-18.7049302029043,3.8384849911076,0,0
"128",-18.70132959721,12.6840973036235,0,0
"129",-18.6975360483118,13.0436593604211,0,0
"130",-18.6937579092044,3.83809690396212,0,0
"131",-18.6872930233654,12.6298630978378,0,0
"132",-18.6758658150122,3.98305548239774,0,0
"134",-18.66261527734,4.71033418267852,0,0
"135",-18.6531788297555,4.48561049939154,0,0
"136",-18.6355726587552,10.390174857142,0,0
"137",-18.635167277053,-3.86279683794853,0,0
"138",-18.610915841787,6.33731175300877,0,0
"139",-18.6029022805112,4.05607725438553,0,0
"140",-18.5966782301519,12.2381220593375,0,0
"141",-18.5958627531831,9.01433379829692,0,0
"143",-18.5675373780608,-8.62078747647579,0,0
"144",-18.5575101851244,4.01498731430951,0,0
"146",-18.5185585533936,9.48643960137661,0,0
"147",-18.509030291393,-2.29109565283313,0,0
"149",-18.4896075567787,5.92268974827699,0,0
"150",-18.4426339681019,3.44531688890228,0,0
"151",-18.4411189828836,5.69694687687277,0,0
"152",-18.3759024157637,5.96139891781908,0,0
"153",-18.3736204153957,5.5991241928386,0,0
"154",-18.2977606152437,-6.70380343413172,0,0
"155",-18.2645060715604,5.94377331255042,0,0
"156",-18.2352285940206,1.81400050425646,0,0
"157",-18.2287719164587,-9.60164675570639,0,0
"159",-18.1931825622047,2.80514861456144,0,0
"160",-18.1840082208703,9.2341021463567,0,0
"162",-18.1660337847119,9.2266633762924,0,0
"163",-18.1572586348219,-10.0995808380087,0,0
"165",-18.1073528484692,9.29686473247463,0,0
"166",-18.0995689961073,9.28988149767099,0,0
"168",-18.0791513034982,2.4757949828055,0,0
"169",-17.99679955268,2.26156117229917,0,0
"171",-17.9685578040162,4.2885137395918,0,0
"172",-17.9496492848737,-0.561118226954516,0,0
"173",-17.9356501280285,9.5554765404292,0,0
"174",-17.9339176122329,-0.596469871950069,0,0
"175",-17.9331736043057,-11.988994278219,0,0
"176",-17.9180924892944,2.27610075063249,0,0
"177",-17.917713648111,1.83229048690195,0,0
"178",-17.8731340692928,17.2406182704865,1,0
"180",-17.8575006142096,-18.0700397253621,0,0
"181",-17.8327598653123,-0.402361100030028,0,0
"182",-17.8310695876141,-14.3117093177864,0,0
"183",-17.8264877827225,8.213791279401,0,0
"184",-17.8069147021398,-15.2439993501167,0,0
"185",-17.7645988130458,-12.2384791802901,0,0
"186",-17.7498033480695,2.10906750061984,0,0
"187",-17.7313904474865,-15.2299352747276,0,0
"188",-17.6675538067029,-17.8784473645419,0,0
"189",-17.652726722006,-11.7548071689914,0,0
"190",-17.6477682722478,-14.8219483209511,0,0
"191",-17.6168580334841,-2.7634367985974,0,0
"192",-17.5847491245642,-3.2227557549805,0,0
"194",-17.5301641583596,2.58687193338937,0,0
"195",-17.4989404117911,1.23969874717175,0,0
"197",-17.4892887222446,-11.707572314181,0,0
"198",-17.4873790778221,-3.63777366250861,0,0
"199",-17.4597182477987,1.25830720790229,0,0
"200",-17.4221136566389,-11.5831218434122,0,0
"201",-17.3979537410628,-11.0528062525033,0,0
"203",-17.3663324039069,-11.4741222246663,0,0
"205",-17.2964819815722,-12.5322317806666,0,0
"206",-17.271732945912,13.6010825962141,0,0
"208",-17.2454006459158,13.5069518508779,0,0
"210",-17.2005417668233,-4.08402671327332,0,0
"211",-17.1967015088578,13.6004355927982,0,0
"212",-17.1344803950298,13.5717535001085,0,0
"213",-17.080700450112,-4.25172439730468,0,0
"214",-17.0456926369264,14.6109697253185,0,0
"215",-17.0295846726085,10.9204046939527,0,0
"216",-17.0284175899618,-16.835513120229,0,0
"217",-17.0277528499062,-16.4525453424909,0,0
"219",-16.9067209620118,17.927728773755,1,0
"220",-16.8441908573675,8.4026043146516,0,0
"221",-16.8409137442708,-14.2147839106669,0,0
"222",-16.8349294868371,17.6739849264059,1,0
"223",-16.7919661469911,-8.79904721176926,0,0
"224",-16.7892357767561,17.6513544426971,1,0
"225",-16.7857492141713,-14.1980990475727,0,0
"226",-16.7769431154245,8.93988765461737,0,0
"227",-16.7598941283528,-17.765518611781,0,0
"229",-16.6784311333115,-5.90852183810641,1,0
"230",-16.6511389949665,6.91323111544023,0,0
"231",-16.640504503613,-17.8157655029594,0,0
"232",-16.60924090868,6.1848123731195,0,0
"233",-16.6046488233575,7.63241884783602,0,0
"234",-16.3593764565801,9.52414863881599,0,0
"236",-16.2671509714072,-6.27867338786644,0,0
"237",-16.1350577903105,17.5313978549144,1,0
"238",-16.1341045211587,4.45390225352389,0,0
"239",-16.1137919366362,-4.49642452854283,0,0
"241",-16.0441994306763,-3.70681455665889,0,0
"242",-16.0059581066504,-4.52451580743166,0,0
"243",-15.9844171720756,12.4798539162586,0,0
"244",-15.9661268738244,15.6302669952731,1,0
"245",-15.8576499386024,-4.73965590874224,0,0
"247",-15.7379523115351,10.2571986819864,0,0
"248",-15.7287349654568,3.96180813079298,0,0
"249",-15.705268093017,2.59706300046909,0,0
"250",-15.6761195079865,3.46457118299131,0,0
"251",-15.6510415757874,2.71745726289836,0,0
"252",-15.6487424686585,2.64614927342452,0,0
"253",-15.6383358921315,-3.11220264893141,0,0
"254",-15.6380983229087,-5.5013846673669,0,0
"255",-15.6250357403186,-4.74984621094564,0,0
"256",-15.6208831494169,1.15270575686179,0,0
"258",-15.5938104722523,2.72179571244053,0,0
"259",-15.5809043656188,3.65294217078643,0,0
"260",-15.5601882498678,-7.53769104645725,0,0
"261",-15.5453292912258,-13.8661437033599,0,0
"262",-15.5390167563883,9.11967980368148,0,0
"263",-15.4858387835862,-4.65918663835267,0,0
"264",-15.4449482366959,3.08215086820466,0,0
"265",-15.437150440413,-4.64592079561176,0,0
"266",-15.3931265925183,11.2119925219017,0,0
"267",-15.3736238604984,15.7862686058944,1,0
"268",-15.3408631028534,8.94175884438246,0,0
"270",-15.3381948468966,-15.3425503515764,0,0
"271",-15.3239937275692,9.0119554899556,0,0
"273",-15.2895383970228,8.86488064796638,0,0
"274",-15.1824019438739,-9.90671014481368,0,0
"276",-15.1550584557427,-4.75029565684076,0,0
"277",-15.1128822405856,-16.5088410548589,0,0
"278",-15.0278849568039,-8.39288487987195,0,0
"279",-14.9963531558246,16.08453451112,1,0
"280",-14.9885458715454,-10.7091784789978,0,0
"281",-14.9653565237923,-13.4611559087518,0,0
"282",-14.8765648922939,14.3428931216756,1,0
"284",-14.8404940526536,-4.72396486576448,0,0
"285",-14.7902078230164,-9.2984710882593,0,0
"286",-14.7112825021538,-1.78836253537896,0,0
"288",-14.6927062807091,-14.6725001593803,0,0
"290",-14.6585056930191,-14.777283853461,0,0
"291",-14.6543555360295,3.9033219672148,0,0
"292",-14.6246439719163,-2.83024798452129,0,0
"293",-14.6167473359304,-13.5680975583481,0,0
"294",-14.6087764083638,-14.9320801574749,0,0
"295",-14.5813384576736,-16.5631058655701,0,0
"296",-14.5748360870468,-14.8932294385366,0,0
"298",-14.5520472300547,-4.44423077817251,0,0
"301",-14.4261633656361,-11.276976707345,0,0
"302",-14.3772083261487,1.79834587960799,0,0
"303",-14.3447985413034,-5.82175751678438,0,0
"304",-14.3353671406281,-13.8828088931843,0,0
"305",-14.3013373038046,-17.5243774481009,0,0
"306",-14.2444105205335,5.56291881478655,0,0
"307",-14.2354849176694,-4.51845098123973,0,0
"308",-14.1847458237699,-14.1033445484926,0,0
"309",-14.0814503571165,-11.229181198525,0,0
"310",-14.0790358630368,14.430067287586,1,0
"311",-14.0291965269467,5.86767042511849,0,0
"312",-14.0041668236748,1.60287517535475,0,0
"314",-13.9950935207808,-2.2362880336869,0,0
"315",-13.8513511072842,-5.85163737747884,0,0
"316",-13.7886495757678,-16.0104994510061,0,0
"317",-13.7018672822042,-10.6006469464066,0,0
"318",-13.6845478735636,12.4797278637229,0,0
"319",-13.6824729578388,-3.93188117858693,0,0
"320",-13.6700635212151,-8.97952440643915,0,0
"321",-13.6693039854467,7.64946696867013,0,0
"322",-13.6498390099674,-5.80813674516798,0,0
"323",-13.6168833941243,-16.1324164247185,0,0
"324",-13.5750223699895,-5.63126089329156,0,0
"325",-13.5147570115073,-13.8551421079094,0,0
"326",-13.4958314945425,-2.0016778252502,0,0
"328",-13.4546293422867,-5.59352995625228,0,0
"329",-13.4108618816345,-12.0897833095313,0,0
"330",-13.3529516106156,3.2135708687603,0,0
"331",-13.3432910250121,-12.1868464042437,0,0
"332",-13.2858931157277,-9.92556125528784,0,0
"333",-13.2217137921257,5.29093343548849,0,0
"334",-13.1800016057786,13.7596166047832,0,0
"335",-13.1665849738087,8.65272463520147,0,0
"336",-13.1378852189836,-1.88552322399504,0,0
"337",-13.097794749812,-11.5522582841517,0,0
"338",-13.0701105274697,3.27365147480177,0,0
"339",-13.0466673263334,-10.7815785064175,0,0
"340",-12.8981205924877,-10.7372861975886,0,0
"341",-12.8704450388615,-10.650311001038,0,0
"342",-12.8697259174137,1.37309127061983,1,0
"343",-12.8103185045918,14.3536159400875,0,0
"345",-12.703285314503,-1.36269717981408,0,0
"346",-12.6815238177981,12.6304713930513,0,0
"348",-12.6532370872241,12.5669341119847,0,0
"349",-12.6472756943015,-9.75993476705747,0,0
"350",-12.5800523556246,6.39552946434631,0,0
"352",-12.5145949534578,6.35592504116843,0,0
"354",-12.4659474092267,12.4489258335477,0,0
"355",-12.4615579835893,-21.2325246277409,1,0
"357",-12.4373100100536,-4.82245366921713,0,0
"358",-12.3836548687234,5.95363907100168,0,0
"359",-12.3775193792476,12.3756399921785,0,0
"360",-12.3762589141952,3.68892333635052,0,0
"361",-12.3573301910842,-21.8024071665613,0,0
"362",-12.3113002628258,-12.3503963802221,0,0
"363",-12.2671364216191,3.31654751631367,0,0
"364",-12.2468105836879,-3.14295834493716,0,0
"366",-12.2349324250169,3.09852206753927,0,0
"367",-12.1799448309783,-15.4700517171833,0,0
"369",-12.1391666400656,2.20270238953914,0,0
"371",-12.1030218944876,-12.8180593801719,0,0
"372",-12.0859338616214,-18.825606598321,0,0
"373",-12.0689334825732,12.2522978564559,0,0
"374",-12.0138485822955,-18.5651821439804,0,0
"375",-11.996226560098,8.98241083079772,0,0
"376",-11.9518343672688,-18.6116403363835,0,0
"377",-11.9363924082259,6.63093459021883,0,0
"378",-11.8935231232373,-3.22170808931297,0,0
"380",-11.8371127477673,-18.6910976393453,0,0
"381",-11.8240492537247,6.89106019289285,0,0
"382",-11.8192009124669,-3.73291220919129,0,0
"384",-11.7776951268075,-11.9698390350962,0,0
"385",-11.7633671340507,-11.9439879509114,0,0
"388",-11.7408599025036,-11.2035100109686,0,0
"389",-11.7203734174501,-11.1924510217465,0,0
"390",-11.6908650618604,17.236111105714,1,0
"392",-11.6312545203012,6.13727497617839,0,0
"394",-11.6050610478046,-10.5026112006663,0,0
"395",-11.5992271104483,9.62962184941648,0,0
"397",-11.5888522714552,8.35123997566271,0,0
"398",-11.5859741975036,9.03783488029497,0,0
"399",-11.5554052194453,3.38784848147278,0,0
"400",-11.5391463147914,9.68272094233988,0,0
"401",-11.5383813106907,-7.98570586803447,1,0
"403",-11.4765986244718,10.7470794230027,0,0
"405",-11.4661199143409,2.81959020275549,0,0
"406",-11.387094138984,2.35781375934522,0,0
"407",-11.3712800411972,-11.5157404922709,0,0
"408",-11.3568361311251,-4.82737396537855,0,0
"410",-11.3411540267733,-7.87139449198076,0,0
"411",-11.3320118134691,-19.6665976458131,0,0
"412",-11.3297939346212,4.49357738526253,0,0
"413",-11.3178653026507,-4.8342118143199,0,0
"414",-11.3159503030791,6.76673186628637,0,0
"415",-11.3139808414797,-21.9238672133188,0,0
"416",-11.2878827292306,10.9406828689344,0,0
"417",-11.2477496801481,2.35140517735698,0,0
"418",-11.2373215041904,6.41238827177474,0,0
"419",-11.2118381996809,9.14677100038368,0,0
"420",-11.1963225876202,-12.2314014318367,0,0
"421",-11.1563038205721,-16.6524128426373,1,0
"422",-11.1456224861516,2.45514596890049,0,0
"424",-11.1090118665783,3.74093923059609,0,0
"425",-11.1062582506292,3.37394850541726,0,0
"427",-11.0895141272442,-15.5254968418762,0,0
"429",-11.0712058611671,-6.58310196720064,0,0
"432",-10.9539241042439,-9.02971433919835,1,0
"433",-10.9111343264351,-1.85766425760589,0,0
"434",-10.9016311075879,-15.1254642099777,0,0
"435",-10.8891141611681,-3.87631537538724,0,0
"436",-10.8324240023345,-12.1718038477787,0,0
"437",-10.8047023292015,9.23108365469522,0,0
"438",-10.7797284860846,-7.90914217468158,0,0
"439",-10.7661274910883,-4.99604051884312,0,0
"440",-10.7103344305837,-15.8263426866219,0,0
"441",-10.7041658838846,-3.77739858315272,0,0
"442",-10.6955809231865,-16.562478123907,1,0
"444",-10.6099593461175,-5.13649725467395,0,0
"446",-10.5240318556978,-10.2865938475811,0,0
"447",-10.4803712272675,-9.49823635542523,0,0
"449",-10.4158743966329,-17.0484794909796,0,0
"451",-10.3612250723079,5.65467513185461,0,0
"453",-10.2678926720367,9.33947892621628,0,0
"454",-10.2525398404751,9.39398591971705,0,0
"455",-10.2159423530683,-16.0461544389813,0,0
"458",-10.1868904865093,7.43089976957428,0,0
"459",-10.1356052158611,5.37761631251988,0,0
"460",-10.1274575662163,5.33547328117368,0,0
"461",-10.0788446043126,2.86221714751038,0,0
"462",-10.0763062174265,7.41933170419388,0,0
"464",-10.0618609149506,-5.65521313912591,0,0
"465",-10.0616056873842,-15.5680895721936,0,0
"466",-10.0271728379865,7.40242417416946,0,0
"467",-9.99368197128338,7.27189723591339,0,0
"468",-9.99305301105193,-16.3832592941488,0,0
"469",-9.99013595196256,4.80099678039694,0,0
"470",-9.95137109806844,2.77441296589713,0,0
"471",-9.94621291547406,-9.77811886054356,0,0
"472",-9.92494634253985,-16.084024548095,0,0
"473",-9.91302095215253,-15.4517392118996,0,0
"474",-9.88576373533316,12.5384752326316,1,0
"475",-9.8779617073269,-21.2959454993086,0,0
"476",-9.87241630406402,-7.42560211583752,0,0
"477",-9.84423810284422,-18.4347689759815,0,0
"478",-9.84178722719379,-15.9667698833807,0,0
"479",-9.82858207537084,-15.5189318475376,0,0
"480",-9.80056898390631,5.30372273438159,0,0
"481",-9.79688894462203,5.59789750292197,0,0
"484",-9.73722732602672,-8.52737767735953,0,0
"485",-9.71120583423368,-8.51087290061961,0,0
"488",-9.59620285066916,-7.51510014576273,1,0
"490",-9.44025975959944,-9.50972856978761,0,0
"491",-9.37192579696987,5.38818955545425,0,0
"493",-9.36088308451524,-18.1070674681626,0,0
"494",-9.35475703704645,14.0997275142147,1,0
"495",-9.3201236573036,-16.3427220008375,0,0
"498",-9.1698979444671,-21.0554884845466,0,0
"499",-9.05126877595689,-11.0076565819317,0,0
"500",-9.03348745519851,-18.0587799527089,0,0
"501",-9.02340680847419,8.00469664706598,0,0
"502",-9.00867460754262,14.1122743529469,1,0
"503",-9.00247246472592,-2.04009096621479,0,0
"504",-8.96918337390657,14.033439942781,1,0
"507",-8.88094074664942,-5.6719464843873,0,0
"509",-8.85524470061097,-20.657681380723,0,0
"512",-8.81780981390319,9.91147979995655,0,0
"514",-8.74925730212754,9.73145734976067,0,0
"515",-8.74779696296735,-0.803236203980041,0,0
"516",-8.74645281783273,9.64248071190582,0,0
"517",-8.7224320618111,-5.85803727591046,0,0
"518",-8.71349444791714,-15.8733627415953,0,0
"519",-8.6950098268387,-0.65578904702166,0,0
"522",-8.61102630176262,-20.3005127501416,0,0
"524",-8.50503876634915,-22.5063599089364,0,0
"526",-8.43546674917675,14.0551776790472,1,0
"527",-8.42137497844256,-6.39545197048467,0,0
"529",-8.36986284949604,-16.2268735943584,0,0
"530",-8.35897886555315,-18.7052218808051,0,0
"531",-8.31478121398571,-0.403250135702614,0,0
"532",-8.29824845440512,9.10892647929338,0,0
"533",-8.28109384160028,-1.99819477339489,0,0
"535",-8.25321822165293,-9.13240922409701,0,0
"536",-8.22421392279819,8.20477410336433,0,0
"537",-8.21240765220682,-21.3467087507742,0,0
"538",-8.18721278446233,10.4497155995296,0,0
"539",-8.17340017943583,8.24367832049692,0,0
"540",-8.15729181104041,-14.780842860932,0,0
"541",-8.15363657489466,-17.8915026857665,0,0
"542",-8.15117701342072,-20.3015085412925,1,0
"543",-8.12902881660668,-0.779014628783388,0,0
"544",-8.10246715095951,-9.12528386362228,0,0
"545",-8.08704974122222,-15.6121636000707,0,0
"546",-8.04594835979773,-9.56715815234088,0,0
"547",-7.96912774662381,-22.2384284233517,0,0
"549",-7.87178216934086,-18.32938557601,0,0
"551",-7.81809644668852,-13.5106164905449,0,0
"552",-7.81688671319308,-13.0219501297839,0,0
"553",-7.80531548256191,-1.32429620860461,0,0
"555",-7.74535528290867,-21.829198660776,0,0
"557",-7.72593471337715,6.75214503974163,0,0
"558",-7.70301366559157,4.37851844757833,0,0
"559",-7.66058317892805,-17.6427044064146,0,0
"560",-7.49823544308804,-20.2830914657431,0,0
"562",-7.44068984866243,3.85649106382827,0,0
"563",-7.38882852837524,-8.33604611517381,0,0
"564",-7.27337495627441,-13.8191320177408,0,0
"565",-7.26994854615858,-13.8165614323247,0,0
"566",-7.25709596579653,8.22745491306847,0,0
"567",-7.22595199118041,-8.20541234752114,0,0
"568",-7.22150043376828,-8.48458718095183,0,0
"569",-7.21359717529865,-21.5073698826015,0,0
"570",-7.20323073680159,-12.0875969314145,0,0
"572",-7.13907962461377,4.34744315580768,0,0
"574",-7.11981339818216,-6.19129831759171,0,0
"576",-7.09238374601682,-11.7437734183866,0,0
"577",-6.98452877626117,-2.14813234681989,0,0
"579",-6.91197224525209,3.24537500993812,0,0
"580",-6.89515919451026,-16.8136122703303,0,0
"581",-6.89300844007947,-17.0578805496647,0,0
"582",-6.81915709668387,-1.80594920491339,0,0
"583",-6.81124591208659,-12.8943357029736,0,0
"584",-6.80234675576525,8.35262202633588,0,0
"585",-6.78755544893242,8.26311062624374,0,0
"587",-6.59038192383132,-21.8196035763818,0,0
"588",-6.57944882566453,-3.56321536445694,0,0
"589",-6.52441532326512,-11.5370231308698,0,0
"590",-6.4874851453382,-21.7662284377578,0,0
"592",-6.41447673019158,-1.14794699287445,0,0
"593",-6.40820515587669,-13.7023115882948,0,0
"594",-6.40538236718308,-11.089506042404,0,0
"595",-6.37929346945262,-22.5252639527593,0,0
"596",-6.37021888627922,-17.726411795838,0,0
"599",-6.23662549656054,-4.03854597440487,0,0
"600",-6.2300787125867,-2.55506869034906,0,0
"601",-6.18476071256792,5.30865032898007,0,0
"602",-6.13747128933488,-19.3794055526506,0,0
"603",-6.11261068283511,-21.7113860412912,0,0
"605",-6.04957948142063,8.50487174474553,0,0
"606",-6.04818797123598,0.679306806179582,0,0
"607",-5.99702121848648,0.489225445292906,0,0
"608",-5.98249003618885,0.472713519753195,0,0
"609",-5.90417199414836,-19.792717546764,0,0
"610",-5.71789324287359,-17.9623328927187,0,0
"611",-5.63605932813055,-0.300356581266098,0,0
"612",-5.6178838227057,5.02117512179665,0,0
"613",-5.43386985667661,-0.437089889139836,0,0
"614",-5.42806092456166,-17.7300951275075,0,0
"616",-5.23461697269564,-10.3756592154786,0,0
"617",-4.97221934543479,9.72254973017378,0,0
"618",-4.94859953760531,-13.8361838708211,0,0
"619",-4.86904346439713,-2.52749497690744,0,0
"621",-4.83213520106954,-3.27043536738701,0,0
"622",-4.80940511485958,-4.89874111418606,0,0
"623",-4.73943699758146,-2.41777638011196,0,0
"624",-4.61560079954825,-20.5720161166416,0,0
"625",-4.58816633829999,-19.382518721179,0,0
"627",-4.32137399522865,-20.7903701506141,0,0
"628",-4.31945291041044,9.38507898938283,0,0
"629",-4.31775384324842,9.57586527058636,0,0
"630",-4.29349027734929,6.48134136216435,1,0
"632",-4.21921190678557,-19.7570240498471,0,0
"633",-4.20340687357345,-15.200273442571,0,0
"634",-4.18253929005569,3.34526367766476,1,0
"637",-4.09079316104851,-7.0654788169057,0,0
"638",-4.07871643912973,-11.855034687994,0,0
"639",-4.05682228747496,-12.5880527307211,0,0
"640",-4.03915762005951,-2.32848498029388,0,0
"641",-4.02741172219782,-8.88904875429231,0,0
"642",-4.00136431752972,-14.7422248534064,0,0
"644",-3.99697911266964,-13.8059938294673,0,0
"645",-3.9863882221391,-1.47430271527964,0,0
"646",-3.97656107211802,1.66037950566015,0,0
"647",-3.97212028984925,-12.5407725304672,0,0
"648",-3.92523188370196,-2.19488294009597,0,0
"649",-3.90930648301562,-0.794949879134291,0,0
"650",-3.87905346135957,-9.19882725106626,0,0
"652",-3.80607669831042,10.3393867793593,0,0
"653",-3.7932893114447,-2.67879596264855,0,0
"654",-3.74220274560883,-8.11560248575774,0,0
"655",-3.53832115024921,-24.73264116106,0,0
"656",-3.51190656270809,-2.09671147840701,0,0
"657",-3.43481178741968,4.28979161660753,1,0
"658",-3.4327816428005,4.36410641257693,1,0
"659",-3.38798201134442,-15.9965708584098,0,0
"660",-3.35284349044442,-10.2480619337115,0,0
"661",-3.34996889917673,-13.7858660756993,0,0
"662",-3.34795744521863,-4.66803321480088,0,0
"663",-3.33260991669134,-20.2775355822718,0,0
"664",-3.32983048060236,-8.35319710323168,0,0
"665",-3.32310931411686,-24.7705748910641,0,0
"666",-3.31070576331759,-9.36324555070816,0,0
"667",-3.30699092811594,-4.77790630261841,0,0
"668",-3.2216889165204,-24.832219027867,0,0
"669",-3.1920630880258,-7.24273321247164,0,0
"670",-3.0645632170331,-10.2405449183425,0,0
"671",-3.00384722451351,-1.42618626594371,0,0
"672",-2.94889957802692,-12.9733918790942,0,0
"673",-2.94358846609403,-21.3763633093797,0,0
"677",-2.8097504380977,-13.327472777795,0,0
"679",-2.70415552132821,-9.3950487390512,0,0
"680",-2.69933663854748,-1.49955177182515,0,0
"681",-2.68630397432771,1.25929344808808,0,0
"684",-2.64745199657957,-8.92599206268188,0,0
"685",-2.62269723685744,-9.4133764871775,0,0
"687",-2.58062404266521,-9.33500068936061,0,0
"688",-2.56719186726504,-14.0133626689206,0,0
"689",-2.55488980643611,-0.257217631281954,0,0
"690",-2.52522143265251,-0.20998681627825,0,0
"691",-2.51635664468073,-2.77913934685743,0,0
"692",-2.44538679287902,-0.366997627679383,0,0
"693",-2.40836332674721,-14.2501258149918,0,0
"696",-2.33037374376487,0.0740379707755862,0,0
"697",-2.32765092084058,-3.25156260527442,0,0
"698",-2.25391857181778,-24.3116628002936,0,0
"699",-2.2354151146827,-24.298662264426,0,0
"700",-2.15192627050744,-2.7036694791793,0,0
"701",-2.13385233066478,-8.27449894324599,0,0
"702",-2.11885552223277,-0.196997757892448,0,0
"703",-2.09967924864456,16.5886037085645,0,0
"705",-2.00423243898968,-2.70181678057237,0,0
"706",-1.99485988980785,-1.40807666645567,0,0
"708",-1.89045917560203,-14.867755395969,0,0
"709",-1.88023221641579,-20.9125974384552,0,0
"710",-1.87582435199498,-1.72221705002486,0,0
"711",-1.87436986713019,13.3431575432863,0,0
"712",-1.834207162632,-21.1176471532651,0,0
"713",-1.83184646096457,-16.7679810742083,0,0
"714",-1.80893424096741,-8.94683154259296,0,0
"715",-1.78410052433841,0.88454996796083,0,0
"717",-1.73590998069103,1.00316634689225,0,0
"718",-1.73346797460077,-1.17578831765261,0,0
"720",-1.65694436988196,-0.659742323496848,0,0
"721",-1.61573740903193,-4.93017888595358,0,0
"722",-1.57169266321763,-1.48873533714119,0,0
"723",-1.53999036044889,-10.8648909479234,0,0
"724",-1.52590300634357,1.20278405226414,0,0
"725",-1.52268834326616,-9.07605105223746,0,0
"726",-1.51296225291388,0.989890715192614,0,0
"727",-1.48167317253295,-17.1852066918454,0,0
"731",-1.43766891068045,1.54306264188158,0,0
"732",-1.33009826853534,-12.795018014665,0,0
"733",-1.32388863629751,-1.63486384543798,0,0
"734",-1.31409136570794,-17.051594338538,0,0
"735",-1.29562100285233,0.484440056094263,0,0
"736",-1.27973385714255,1.92756342799195,0,0
"738",-1.26293022557866,-1.74955377494654,0,0
"741",-1.17618182324622,-1.64958502530177,0,0
"742",-1.14573888701104,0.287344868191326,0,0
"743",-1.14170887883361,-0.862722803853463,0,0
"745",-1.11677121854315,15.770984696933,0,0
"746",-1.09187932075216,-17.0775579031736,0,0
"747",-1.07312679647534,-17.0224747899502,0,0
"748",-1.04746509388598,15.2223450454934,0,0
"749",-0.997048755934989,-17.0940735065912,0,0
"750",-0.933564709121586,-10.1027929597761,0,0
"751",-0.823829522227803,-6.92676296054399,0,0
"753",-0.813147840405499,0.975303024741578,1,0
"754",-0.758223071925424,-3.90056215801165,0,0
"755",-0.693230374213115,-9.44529554715615,0,0
"756",-0.655599099553906,4.11587689421739,0,1
"757",-0.649820944270046,4.09948889618289,0,1
"758",-0.646411697911482,16.3941878788461,0,0
"760",-0.562501563803775,-12.4860719382706,0,0
"761",-0.561831602189685,-9.49603048360984,0,0
"762",-0.559538612109259,16.4389398770511,0,0
"763",-0.557000500418789,16.3799884175926,0,0
"764",-0.539004887800892,-15.6046133913115,0,0
"765",-0.515418827887433,15.8950326149831,0,0
"766",-0.512730545776601,-9.86853090201759,0,0
"767",-0.503135342531091,-2.44124906860211,0,0
"769",-0.458358564678756,-12.034028051414,0,0
"770",-0.455112507913167,-16.9224880087236,0,0
"771",-0.439735447111904,-13.1373999253346,0,0
"774",-0.362833027371045,-0.0835265856289816,0,0
"777",-0.328728766597084,-17.4252405814882,0,0
"778",-0.21681786502126,9.29389616427908,0,1
"779",-0.215590536472716,-4.98348037225433,0,0
"780",-0.193727838034355,-5.87926012108249,0,0
"781",-0.10037371739565,1.84301791658389,0,1
"782",-0.0923154969388716,-5.07209788366261,0,0
"783",-0.0359532583436327,18.7607112662609,0,0
"784",0.0359773826994365,-4.80560247444845,0,0
"785",0.0554953137097737,-16.1559520378546,0,0
"787",0.167066195507,-21.2688980095926,0,0
"788",0.241726520911074,19.2305433121724,0,0
"789",0.256210989003165,-16.1784164259235,0,0
"790",0.317040838652779,15.4802214496694,0,0
"791",0.343549220603461,-13.9538644598842,0,0
"792",0.343995849940014,2.82698487175902,0,1
"793",0.358149110875384,-19.8730585931314,0,0
"794",0.408114394958376,-7.27935750037973,0,0
"797",0.514446249883823,-17.3125520260957,0,0
"798",0.528014091013826,-12.0674029653324,0,0
"801",0.551418712138425,-19.8376948185403,0,0
"802",0.560977410863157,18.1457562464573,0,0
"803",0.655134851033373,7.24454072654999,0,1
"804",0.685951759667817,-7.25457118287406,0,0
"805",0.733601876008715,-0.588818311760574,0,0
"806",0.764543298439161,-7.07502946708883,0,0
"807",0.777344569567959,-23.5556382630145,0,0
"808",0.801325286648717,-19.7372935688848,0,0
"810",0.820785821371574,-12.0878095825204,0,0
"811",0.869037654161488,-5.37024897995921,0,0
"812",0.879430419884275,18.4751266005765,0,0
"813",0.895948755323142,-7.67759235486441,0,0
"814",0.922738690394874,-13.7988123209682,0,0
"815",0.92596532023809,13.7836583954005,0,0
"816",0.9790986070155,15.4640376578391,0,0
"817",1.0284761146841,17.7378372639729,0,0
"818",1.03298094097679,10.5387376145094,0,1
"819",1.05702251461424,-10.748324962518,0,0
"820",1.06475772764756,-13.6351843112034,0,0
"822",1.14225604626023,18.7837532796279,0,0
"823",1.16561100547567,-12.4052079671028,0,0
"824",1.19664695325175,-1.75272377453701,0,0
"825",1.21499336863523,-3.96475323186344,0,0
"826",1.21730272469215,-24.7811776618884,0,0
"827",1.2329189845169,8.29419280791254,1,0
"828",1.26410726641303,1.46306474714446,0,1
"829",1.28332419504367,-1.26516166323565,0,0
"830",1.30285498768336,-4.66807684222023,0,0
"831",1.34290626840774,-1.76831911249198,0,0
"832",1.35023485572392,13.6123595883657,0,1
"834",1.35921687134571,-25.5750818685941,0,0
"836",1.40527159913249,-11.5606654242329,0,0
"837",1.43923749255202,-7.1626538196526,0,0
"838",1.45062398590715,1.13525810958773,0,1
"839",1.46367529940907,-4.38586827127274,0,0
"841",1.54712687142727,19.0965526669634,0,0
"842",1.55429217614371,-6.34367382973107,0,0
"844",1.62534204902667,-13.4527560849485,0,0
"845",1.6500537458949,7.70897691432967,1,0
"846",1.6875314543367,-11.0460512766638,0,0
"847",1.69002598450666,-4.38162257485548,0,0
"848",1.71000718906811,-11.1576535646293,0,0
"849",1.71826632698813,0.559427882657161,0,1
"850",1.72125550623731,0.6286099074513,0,1
"851",1.73114526381816,0.351615175824438,0,1
"852",1.78545780218612,-13.8317640452811,0,0
"853",1.79140669843669,0.718137133090077,0,1
"855",1.82732849137567,-18.2761791296304,0,0
"859",1.9023182572855,7.55104150107752,0,1
"860",1.91008167452763,-14.2515478074281,1,0
"864",1.98085036409344,-12.0339289192549,0,0
"866",2.04581841455487,-8.8108634283342,0,0
"867",2.05171781785984,-5.88738057706707,0,0
"868",2.0548453603322,10.64904286254,0,1
"869",2.07651776640348,-15.8652673521687,0,0
"870",2.07770471778667,-5.87949958871557,0,0
"871",2.15593613589305,-15.2722604642793,1,0
"872",2.17626671162465,-1.96159495185893,0,0
"873",2.22257911063204,10.5519638499704,0,1
"874",2.2232273656196,-1.92785509413076,0,0
"876",2.32386990267041,-17.1889026553264,1,0
"879",2.42194273514137,1.89396050629758,0,1
"880",2.42938009608532,-16.149088335051,0,0
"881",2.43294346630435,19.8925727748298,0,0
"882",2.50726564932543,-22.3574212299014,0,0
"883",2.53299832365864,-9.36166879440325,0,0
"884",2.6141949780168,6.10578832846341,0,1
"885",2.61710668442713,-18.4198388990215,0,0
"886",2.64545943188652,-2.13604841640415,0,0
"889",2.65565507633276,6.48724338902218,0,1
"890",2.66159657879699,-6.24137081838773,0,0
"892",2.69680694840424,-23.6124605973234,0,0
"893",2.71145243622163,-23.7130956375743,0,0
"894",2.71367266158579,-12.2374748915508,0,0
"895",2.76500824867712,7.37185888251863,0,1
"897",2.78660457481211,1.32376786684472,0,1
"898",2.80396903990544,-27.0896074687594,0,0
"899",2.81852545401977,-20.6324246861338,0,0
"900",2.82795100665075,7.47410184677563,0,1
"901",2.87814889243772,-8.45167426988721,0,0
"902",2.91167065555564,-12.1569627017983,0,0
"903",2.91445568290166,-2.25677348262486,0,0
"904",2.93934189826725,9.87009607141705,0,1
"905",2.96151014548195,-10.2852096025018,0,0
"906",2.97165085703594,14.0060108345129,1,0
"907",3.00498529678285,-24.4505339942117,0,0
"909",3.09898393747862,-8.3927849468825,0,0
"910",3.10691967694966,-2.52886853285924,0,0
"912",3.2186181620944,-7.28978624626279,0,0
"913",3.22933825154672,11.1806313315214,0,1
"914",3.23351937715143,22.7871838231608,0,0
"915",3.26368854431289,-7.55545131224241,0,0
"916",3.2814458572892,-22.4702320869222,0,0
"917",3.29476618631279,-22.4876720922779,0,0
"918",3.3240209594113,-14.537385198091,0,0
"919",3.33644757607743,-22.5375952223615,0,0
"923",3.37144904206342,-10.1085072606846,0,0
"924",3.38084584679689,-22.4841213455832,0,0
"925",3.40583063355772,-2.70171829469722,0,0
"927",3.42191391634845,-24.4464790569156,0,0
"928",3.43333778498128,-19.1951982297443,0,0
"931",3.4767764799031,-9.42072689793418,0,0
"932",3.49287003233676,-19.1136475291929,0,0
"933",3.53287180811084,6.03808171633422,0,1
"934",3.66322414641953,-10.3326530665487,0,0
"936",3.67991183353862,21.3308610172856,0,0
"937",3.71048635615789,-23.23853450348,0,0
"938",3.73293262441001,-18.3772746245081,0,0
"939",3.74510383564694,-8.93468204523239,0,0
"940",3.76672090253884,-12.8291639064686,0,0
"941",3.84200453303792,9.89164808337373,0,1
"942",3.85704548942392,0.612722669543629,0,1
"943",3.8631331775505,-6.29613217617921,0,0
"944",3.86934264287957,-8.98270794879364,0,0
"945",3.91593579885049,19.8640825401018,0,0
"946",3.95014872566118,8.05669774693046,0,1
"947",3.96291768965643,-5.57951940808037,0,0
"948",3.98564034839847,-17.9796422426253,0,0
"951",4.05499393454841,-2.31867673980383,0,0
"953",4.08988497175335,-2.90375269148756,0,0
"954",4.09435321968608,9.04247504779107,0,1
"957",4.1650705287641,18.5157692788204,0,0
"958",4.16651311097148,7.6535843834944,0,1
"959",4.17624929961005,10.6999391370952,0,1
"960",4.18197277949465,-7.17387947904949,0,0
"961",4.1906522104956,9.28262382119075,0,1
"962",4.21604419556323,-7.9474999327107,0,0
"963",4.21928300672221,-9.13611099895283,0,0
"964",4.34191351661697,-19.2746268158488,0,0
"965",4.36154052596747,9.64383525403827,1,0
"968",4.39952692457771,18.8561466403938,0,0
"969",4.4013647977302,10.9539781464323,0,1
"970",4.40983549177201,-2.24375344677911,0,0
"971",4.41138188813128,10.415200967026,0,1
"972",4.42246467807942,5.29632274328923,0,1
"973",4.44506350837366,-9.45988233508002,0,0
"974",4.44782431141776,-2.54909749967792,0,0
"975",4.48524820559918,0.288908837762776,0,1
"978",4.49545047654545,19.0032053592284,0,0
"980",4.51345972579337,-2.25178095549988,0,0
"982",4.53562269092781,-27.1319216675986,0,0
"983",4.54340872695994,8.83039604576457,0,1
"984",4.54687771837244,21.8215424670991,0,0
"985",4.56962600334279,-6.9151881508871,0,0
"986",4.59540806456104,7.73435169160606,0,1
"987",4.5993966522714,6.03188912165833,0,1
"988",4.63974654304614,-2.04695492105041,0,1
"989",4.6590921790773,-1.79892273875144,0,1
"990",4.76441635010363,7.94023996566733,0,1
"992",4.79387118840475,-22.1164282553532,0,0
"996",4.84784146200123,19.5488444527693,0,0
"997",4.8559610751645,6.35092006527185,0,1
"998",4.91056080689929,-26.8954939230208,0,0
"999",4.94005711806182,20.5917235739943,0,0
"1000",4.94044822984116,-11.4332426747988,0,0
"1001",4.94808203165127,20.5150278378926,0,0
"1003",5.02421561505799,-10.0644395146418,0,0
"1004",5.03014807882468,20.0114424138489,0,0
"1005",5.03678363473223,-2.06744025841448,0,1
"1006",5.08821006750247,-2.69425476848496,0,0
"1007",5.10412821867657,-9.22578085530106,0,0
"1008",5.10906186938836,1.91226990400044,0,1
"1009",5.11825120077071,8.63813312752574,0,1
"1010",5.15258673287056,-6.64460233500713,1,0
"1013",5.19526996638593,-14.8782991640142,0,0
"1014",5.1954283072449,-15.6230732381298,0,0
"1015",5.20600234473217,-26.8235055435887,0,0
"1016",5.23314504932228,-10.6099372490523,0,0
"1017",5.23796322870386,6.67798483380219,0,1
"1018",5.24159735289231,-2.87377334538016,0,0
"1019",5.25246748539088,21.7465318968377,0,0
"1020",5.26002289111958,-15.0244784395966,0,0
"1021",5.27012039900762,-17.1852885420041,0,0
"1022",5.29746561201424,21.9347968160621,0,0
"1023",5.30679954149258,11.2025294896215,0,1
"1025",5.34631958512788,19.8881329440669,0,0
"1026",5.35200182477352,-4.19417816393501,0,0
"1027",5.39018045221351,24.1109677233395,0,0
"1028",5.39210700437322,-7.71352473180686,1,0
"1029",5.40355094819934,-24.2522042887584,0,0
"1030",5.42313517944708,-10.935438793905,0,0
"1031",5.4553505491338,-7.85231638965664,1,0
"1032",5.48471606879096,19.4588113682873,0,0
"1033",5.52997080192032,5.48710305859637,0,1
"1034",5.5333852515582,9.50162510241333,0,1
"1035",5.53999989600227,7.70584281169041,0,1
"1036",5.58623561946484,22.2338728656699,0,0
"1037",5.58950091415858,25.182704351573,0,0
"1038",5.59972152100072,8.90186946836747,0,1
"1039",5.60523514325505,-4.07925022235641,0,0
"1040",5.61239813137067,-22.5008308440562,0,0
"1041",5.62821751286333,24.3529424756562,0,0
"1042",5.64923655715639,7.75995363951513,0,1
"1043",5.6509405105529,-19.4560954899054,0,0
"1044",5.66038586550672,-16.8784756472391,0,0
"1045",5.66144881570665,-19.3970795063261,0,0
"1047",5.69761799322952,10.8505213377553,1,1
"1048",5.69983332546088,25.2723920756919,0,0
"1050",5.77246528374907,-3.3049724074106,0,0
"1051",5.77310178655893,-10.0429939170738,0,0
"1052",5.77390767164113,7.85534671546134,0,1
"1053",5.78226585432029,-24.0837320553161,0,0
"1056",5.85880444906061,-18.0832278743413,0,0
"1057",5.86571327473618,11.4175841016398,1,1
"1058",5.89270254615819,23.4551391518458,0,0
"1059",5.90952665235768,15.1101751612673,0,1
"1061",5.94036056846732,-8.91549275567146,0,0
"1062",5.96712328635784,-4.08551067009238,0,0
"1063",5.97772089332724,8.60529891441085,0,1
"1064",6.02328241578354,-11.3778064127153,0,0
"1065",6.02408495855889,8.42830378875409,0,1
"1066",6.03239039407708,-11.205377625527,0,0
"1067",6.03284542534912,-26.3014989126831,0,0
"1068",6.05157642618694,15.1487841506729,0,1
"1070",6.11965257025494,-26.6214933582845,0,0
"1071",6.12769155677824,-26.1881303742699,0,0
"1072",6.16886247698431,22.4954434858483,0,0
"1073",6.17379390449481,-3.76591834773726,0,0
"1074",6.21552116694741,21.1911618740906,0,0
"1075",6.23529424221872,-3.67953685719176,0,0
"1076",6.25891655033966,-10.1748040907111,0,0
"1078",6.28296901413309,-10.3383543912139,0,0
"1079",6.31273526744377,6.70381204076586,1,1
"1080",6.32909039078887,-3.54615140110246,0,0
"1081",6.33626825145329,7.87624900360383,0,1
"1082",6.34906489222822,-8.93067097592423,0,0
"1083",6.35933828488749,-10.330163950603,0,0
"1085",6.37835213736532,22.8303462380711,0,0
"1087",6.43585013414491,10.1804671723208,0,1
"1088",6.46869128998458,-12.9090622588748,0,0
"1089",6.50198630835916,-13.30919943987,0,0
"1090",6.51864101642947,-10.9378026199308,0,0
"1091",6.52920070157948,-25.830384435556,0,0
"1092",6.57055016352218,22.5078152659868,0,0
"1093",6.61016374009725,-24.9048064483965,0,0
"1094",6.61070903334449,-13.0785180950125,0,0
"1095",6.61617623451216,-8.21777913552988,0,0
"1096",6.6442707464787,-9.01839201705284,0,0
"1097",6.66236929480054,8.55092930219361,0,1
"1098",6.67066077198263,2.55927468223186,0,1
"1099",6.6725535509772,5.35596802042599,1,1
"1101",6.6864434542702,-16.4579212811472,0,0
"1102",6.70663280673501,18.9693584302689,1,0
"1103",6.71216021689884,-12.986196449095,0,0
"1105",6.73114900826956,-8.45471854356351,0,0
"1106",6.77954786399857,-11.1920011364903,0,0
"1107",6.78750902883755,-8.45018659711269,0,0
"1108",6.80048615446407,-24.9244000574483,0,0
"1110",6.83308934569779,24.6729659939392,0,0
"1111",6.84201586497573,-20.3201403081374,0,0
"1112",6.86793629181973,21.6480962005618,0,0
"1113",6.87695941542185,6.0037438037864,1,1
"1114",6.88614843587968,-11.3773688124735,0,0
"1115",6.89805961411943,-17.9419748872189,0,0
"1116",6.90289970234807,-7.75849849559473,0,0
"1117",6.91297116371351,8.35413610390533,0,1
"1118",6.92264718687955,23.3955036261363,0,0
"1120",6.96186689308793,-16.9839596345271,0,0
"1121",6.98829729089788,-9.83539230659658,0,0
"1122",6.99114882593292,-19.1379858079502,0,0
"1123",6.99945926537698,-9.920524735705,0,0
"1124",7.01221104541122,-11.2041187719193,0,0
"1125",7.02034694644736,-1.7305513551967,0,1
"1126",7.04127877978082,-4.22759864283172,0,0
"1127",7.07966832853422,-19.5900614863277,0,0
"1129",7.14095221225545,-24.6152219651001,0,0
"1132",7.20902720289361,-15.3958601357367,0,0
"1134",7.30275952284082,22.3174390329687,0,0
"1136",7.35286912171432,9.12355784354117,1,1
"1137",7.37678797515878,-23.9976120516329,0,0
"1138",7.38370763917145,-21.8683722243386,0,0
"1139",7.40016077866378,-18.4570758719043,0,0
"1142",7.49563544228332,-17.3461710199097,0,0
"1143",7.50264918291881,-18.620010267978,0,0
"1144",7.50530542128118,19.4959973832182,0,0
"1145",7.51957651558372,-0.997379091645925,1,1
"1146",7.52463215958406,19.5124007981067,0,0
"1148",7.55722294330479,-17.746077571473,0,0
"1149",7.55970883822532,5.60479885510721,1,1
"1150",7.5647769234864,-4.91871497268552,1,0
"1151",7.58667023610292,-17.4065471331243,0,0
"1152",7.59798618421624,-17.2005290845672,0,0
"1153",7.60761959233983,16.8986167155139,0,1
"1154",7.62350934605537,9.32112243437875,1,1
"1155",7.62952080459607,-7.00393647883188,0,0
"1156",7.63886072916929,-9.845275735861,0,0
"1157",7.64499027891423,15.9358629054355,0,1
"1158",7.64805504073319,16.6606745224179,0,1
"1159",7.65101855170086,-8.69356653936826,0,0
"1160",7.6615372235459,-25.6042371140381,0,0
"1161",7.66822796385985,-13.5758081511398,0,0
"1162",7.72740745828711,-11.308061256803,0,0
"1163",7.72831608220449,-10.2890969462581,0,0
"1164",7.7389321642863,15.8761006980256,0,1
"1165",7.73919343609066,6.65447987307048,1,1
"1166",7.74090248650876,-16.7250939108132,0,0
"1167",7.74345702519948,21.9342586990692,0,0
"1168",7.76045380680419,5.42300908399193,0,1
"1169",7.77019535995152,-21.4540892397616,0,0
"1170",7.7718846146935,26.6093144736962,0,0
"1172",7.77553014717444,-13.6846058216326,0,0
"1173",7.78542490897608,-19.8567624108761,1,0
"1174",7.78704658459856,-13.5857934678374,0,0
"1175",7.79162724312846,-24.0950848580908,0,0
"1176",7.79714520738938,26.6087796811351,0,0
"1177",7.82997658126988,6.3089738985198,1,1
"1178",7.84087176645743,-16.2335448635931,0,0
"1179",7.85881344421097,-10.8166740292936,0,0
"1180",7.92257345666336,20.8622595266543,0,0
"1181",7.92437138941289,21.9072440113806,0,0
"1182",7.93712241769305,-2.35988122449348,0,1
"1183",7.97540082296573,15.4052328927562,0,1
"1185",7.9986617289279,-11.3394277046393,0,0
"1187",8.01157475167101,-2.4265081999273,0,1
"1188",8.02669454919942,6.86880755667629,1,1
"1189",8.07267608391877,19.1371867799672,0,0
"1192",8.11983437091309,-2.49722980520697,0,1
"1193",8.13343896900597,-11.4650590425585,0,0
"1194",8.1467818314323,-17.6966557310138,0,0
"1195",8.16418749011448,-17.5778883437592,0,0
"1196",8.18957283119871,26.5058726155475,0,0
"1197",8.24815907862108,-3.13216411806235,0,1
"1198",8.27120198933982,14.6507919686489,0,1
"1199",8.30387744567604,-24.0147915696649,0,0
"1200",8.35175659144782,-11.1398295370196,0,0
"1201",8.3673855265624,-3.85925873344308,0,0
"1202",8.36757028952004,25.2439622216499,0,0
"1203",8.47683426844618,-6.96188038708325,0,0
"1204",8.4787794554685,20.9902917068143,0,0
"1205",8.48155717796771,16.5665527594462,0,1
"1206",8.5256972478323,23.8454665721963,0,0
"1207",8.53853264907056,-8.60285098222458,0,0
"1209",8.55309455046105,15.1643839826632,0,1
"1210",8.55640674213258,9.58485867908943,1,1
"1211",8.55685588868574,-1.99015892110079,1,1
"1213",8.57174822499561,15.3656597195228,0,1
"1214",8.58929568992741,23.8050294589504,0,0
"1215",8.62207168345978,15.277727445618,0,1
"1217",8.67525554331879,19.1410480277978,0,0
"1220",8.73368684837318,23.7358456287693,0,0
"1221",8.75431497562259,25.5879848229766,0,0
"1222",8.76514268472459,-23.5299386216636,0,0
"1223",8.77708658357845,-12.7966990027718,0,0
"1224",8.79402638436633,8.55904014113128,1,1
"1225",8.79602055607123,-12.7764495098223,0,0
"1227",8.80268477103728,-13.4586407933468,0,0
"1228",8.81662344260002,2.81821987902249,0,1
"1229",8.83717117047129,15.1075043682511,0,1
"1230",8.94087003696526,0.0570837214708677,0,1
"1231",8.94617692296778,-17.4120793103051,0,0
"1233",8.97499500749461,25.1271564543843,0,0
"1234",9.01063402618598,-9.98022577255029,0,0
"1235",9.01514315065581,-7.83645211191879,0,0
"1236",9.03859707918653,0.141561869916316,0,1
"1237",9.04174083317366,22.8351551762521,0,0
"1238",9.04909889998917,-0.0834540925732549,0,1
"1240",9.07171141538253,-1.82117706812372,1,1
"1241",9.0758962882266,21.6252831365091,0,0
"1242",9.11735613922496,-12.5106385996823,1,0
"1243",9.12738071301822,-18.1970324683012,0,0
"1244",9.16380437089171,22.2766825839525,0,0
"1245",9.19379154831622,-18.3521508795111,0,0
"1246",9.21129182973796,-22.5977205147606,0,0
"1248",9.23286058508563,17.447328932076,0,0
"1249",9.28406683433099,-0.160092749979935,0,1
"1250",9.29395721876828,25.6694901792473,0,0
"1251",9.29456328223258,8.58152876955115,1,1
"1252",9.29602743437257,-11.5611081732314,1,0
"1253",9.29845589144974,24.5846603856495,1,0
"1254",9.33036333638255,25.935133587717,0,0
"1255",9.35015852343583,-21.0422340731717,0,0
"1257",9.44218786181587,21.1969580214139,0,0
"1258",9.46652682013477,7.0160439717057,1,1
"1259",9.4975889415762,-16.9329066499859,0,0
"1260",9.52197202714733,22.7570389556703,0,0
"1263",9.62473332887864,-21.5021897899475,0,0
"1265",9.65390412185504,23.3737802209222,0,0
"1266",9.71123993951749,-21.5398624105392,0,0
"1268",9.78938829017082,-8.93949082073306,0,0
"1269",9.84630832045774,25.7072248761848,0,0
"1270",9.86650993637971,17.8155120472299,0,0
"1271",9.87059417242444,16.6182422506729,1,1
"1272",9.88329878013657,-6.33358964314395,0,0
"1273",9.89968058936724,-12.9291886054643,0,0
"1274",9.92709085822889,16.6827398780689,0,1
"1275",9.99956448808482,-10.6619815321766,0,0
"1276",10.0838838297505,-7.52046398824448,0,0
"1277",10.0915202835262,-6.11978965087853,0,0
"1278",10.1177794007149,-3.07156279538528,1,1
"1279",10.1376903798235,-15.3130030398689,0,0
"1280",10.1789824450733,-15.8684547312861,0,0
"1281",10.1909870471398,-10.2027336299019,0,0
"1286",10.3112964087151,2.76292599336226,0,1
"1288",10.4388139393035,26.8810805275013,0,0
"1289",10.4921914473431,-19.5789188234562,0,0
"1290",10.5103951152239,-10.6485007451569,0,0
"1291",10.5223887097644,-6.58719754956526,0,0
"1292",10.5432841814787,-8.8802511413415,0,0
"1293",10.5480220914347,27.3092590685569,0,0
"1294",10.5592449423106,-14.9956739234166,0,0
"1295",10.562712199906,2.73863423103074,0,1
"1296",10.6073949442365,-10.3667108356257,0,0
"1297",10.6423821453755,-19.3478712788752,0,0
"1300",10.7188240311221,16.0656978734077,0,1
"1302",10.758920895865,-18.7912175117524,0,0
"1303",10.763580919881,14.1579881637946,0,1
"1304",10.8138599432679,-10.6039138453697,0,0
"1305",10.8152338426541,-10.5723771438185,0,0
"1306",10.8171441260657,0.693663472827686,1,1
"1307",10.8802120654146,21.0176727629617,0,0
"1308",10.8806124395003,-14.8297989505979,0,0
"1309",10.8825789087469,21.0550553397055,0,0
"1310",10.8904086236506,-19.1161720582335,0,0
"1311",10.9188288484576,-21.2779922182517,0,0
"1312",10.9293721855259,-8.46570366044384,0,0
"1313",10.9553223046861,19.966598125789,0,0
"1315",10.9624415668265,-8.13652239457039,0,0
"1316",10.9770189784952,-3.037885428808,1,1
"1318",10.9981709535347,-12.7036701669499,0,0
"1320",11.0214914935865,-16.1313895753265,0,0
"1321",11.030708236191,-6.91117178278179,0,0
"1324",11.094449286853,23.9706898971878,0,0
"1327",11.1098617318289,-23.2627666650676,0,0
"1328",11.1120606415018,26.7066395684596,0,0
"1329",11.1264177028139,-6.76873543021088,0,0
"1330",11.1264616432628,22.1473762199043,0,0
"1332",11.1383339226372,17.0432407846596,0,1
"1333",11.2151467480158,-10.0172681866754,0,0
"1336",11.2241429811747,-4.93472773856019,1,0
"1337",11.2241558693649,-13.3076086394787,0,0
"1338",11.2317541203457,4.54164062881157,1,1
"1339",11.2344489928788,24.3863510839631,0,0
"1340",11.237098057906,-16.2652551843446,0,0
"1341",11.2550875369073,25.6677032855383,0,0
"1342",11.2626000700286,24.3771586966735,0,0
"1343",11.2880212718693,-21.1695789623359,0,0
"1344",11.3080914075671,24.3888869815032,0,0
"1345",11.3232674229667,-22.5759525389972,0,0
"1346",11.3303702147447,-14.3740230137907,0,0
"1347",11.3785171285871,13.6191188147539,0,1
"1348",11.3904600975841,17.9946121803518,0,0
"1349",11.4284634239768,21.0193575170555,0,0
"1351",11.4647605553321,15.8945467163716,0,1
"1352",11.466428862635,28.1529502103495,0,0
"1353",11.4790346575793,28.1278543617315,0,0
"1355",11.4876821457005,12.6171603177037,0,1
"1356",11.5426219904349,4.34315776516876,1,1
"1357",11.5616453205279,20.8807355604929,0,0
"1358",11.6375697203655,17.6909553021813,0,1
"1359",11.6684840497083,-16.9559897978119,0,0
"1360",11.6981989928498,-8.56116219608189,0,0
"1361",11.7067613229732,17.5120348729335,0,1
"1362",11.7197333421704,-19.0232379650619,1,0
"1363",11.7243209133144,18.2743339305078,0,0
"1364",11.74708531936,17.2447605328759,0,1
"1365",11.7766252096429,-14.7627227043591,0,0
"1366",11.7994327675229,17.9221602671722,0,0
"1367",11.8446819995652,14.8831511545612,0,1
"1368",11.854964616065,24.0075581767083,0,0
"1371",11.9270256025756,-6.7285209532601,1,0
"1372",11.9423250310899,24.1559839267611,0,0
"1374",11.951709412905,25.4114275661536,0,0
"1375",11.9595786603082,14.2294760915267,0,1
"1376",11.9830557553581,15.0402094340943,0,1
"1377",11.9924984196338,25.2582475151547,0,0
"1379",12.1171194931803,7.72864603405096,0,1
"1380",12.1174635800371,7.73555533147469,0,1
"1381",12.1189702235812,7.73740678710046,0,1
"1382",12.1207040751364,-8.57366150936047,0,0
"1383",12.209090037034,-11.6112086377413,0,0
"1384",12.2096897214246,20.7062236717041,0,0
"1386",12.2418258082485,14.4765987464719,0,1
"1387",12.2608044837562,14.4794290715222,0,1
"1388",12.3012394100101,25.9484841721881,0,0
"1389",12.3148713680476,19.3869594454627,0,0
"1390",12.3979763167629,-11.7976912278024,0,0
"1391",12.4082073990241,19.4958030396097,0,0
"1392",12.4212006495984,13.8510590505465,0,1
"1393",12.4610254580758,20.9587507581054,0,0
"1394",12.5164836781343,14.0682965484575,0,1
"1396",12.6069386511575,-10.2446977795418,0,0
"1398",12.6214424478357,21.3799336909737,0,0
"1399",12.6318589649664,26.0708172118766,0,0
"1400",12.6330979594621,13.6992881380895,0,1
"1401",12.6982527308782,24.8338179643958,0,0
"1403",12.7449397551142,-18.808848908475,1,0
"1405",12.8808074020991,13.7580805516813,0,1
"1407",12.9639771027101,-18.6813293726757,1,0
"1408",12.9701329608244,22.519768695306,0,0
"1411",13.0965948662152,16.7286830167774,0,1
"1412",13.1366571584583,22.5003265558617,0,0
"1414",13.1818065560433,-18.5475614052985,1,0
"1415",13.2039902423141,-4.90382747723042,1,0
"1416",13.2237166833772,1.39983900113224,1,1
"1417",13.2273978062866,-4.92628320433232,1,0
"1418",13.2349535221327,11.4674925017299,0,1
"1421",13.2548723728861,-5.04166068635629,1,0
"1425",13.3563147415279,12.5834757030994,0,1
"1426",13.4613843122184,23.7226720692235,0,0
"1427",13.5614729420174,15.8967825490217,0,1
"1428",13.5693799594604,17.6797234046583,0,1
"1429",13.6347051899376,-4.38564046063372,1,1
"1431",13.6614981246506,-10.9684635938899,0,0
"1433",13.7408371317737,18.6156365592283,0,0
"1434",13.7418059011217,-9.92096268643959,0,0
"1435",13.7475519853613,-9.51504894011235,0,0
"1436",13.7622544263553,25.7141966364701,0,0
"1438",13.8329682675586,22.4231667785861,0,0
"1439",13.8530033012581,23.3647706400987,0,0
"1440",13.8731548600982,15.4193336761269,0,1
"1443",13.9885153576885,16.8667186249177,0,1
"1444",14.0038512638811,23.2436093209199,0,0
"1445",14.0357401173286,18.5158503115936,0,0
"1446",14.1048940063495,23.01138672828,0,0
"1447",14.1448464457363,15.1832336547906,0,1
"1448",14.1628475709318,25.6340076576162,0,0
"1449",14.2049357512491,15.4267623770143,0,1
"1451",14.3413182993901,15.6586554601374,0,1
"1452",14.3510394652892,15.4660548383821,0,1
"1453",14.3542649854742,-10.3213454891056,0,0
"1454",14.3927424989737,19.3983707713524,0,0
"1455",14.3972370826912,14.8188828085812,0,1
"1456",14.4319348035224,-10.2934772130969,0,0
"1457",14.4491563384415,12.5179703416927,0,1
"1458",14.4565169455244,0.712247990465449,1,1
"1460",14.4915509576755,14.7892091197079,0,1
"1461",14.5276425937659,13.3999031231624,0,1
"1463",14.6033428813964,0.718261162476856,1,1
"1464",14.6611763578527,19.2553689903823,0,0
"1465",14.6747047962336,19.1568668607747,0,0
"1466",14.688231193555,5.12752024224081,1,1
"1468",14.7384742672,-1.99177864561734,1,1
"1469",14.7491187697438,23.4468025432404,1,0
"1470",14.7513795939636,20.4639016355094,0,0
"1471",14.8174000952882,-11.581306133538,0,0
"1472",14.8391363561489,17.2029952890786,0,1
"1473",14.8503603324386,12.5282936664558,0,1
"1474",14.8578770621531,20.3067696151138,0,0
"1475",14.8645585353277,-5.36384498074806,1,0
"1476",14.8804879375783,12.2904215413755,0,1
"1477",14.9057032888718,24.1955466989707,1,0
"1478",14.9339914026758,23.4825536328324,1,0
"1479",14.9566545935355,-1.38117067965932,1,1
"1480",14.9656386742335,16.4301436127766,0,1
"1481",14.9706506230684,-3.24849261983305,1,1
"1482",14.9902305572505,-15.8117239254445,1,0
"1483",14.9930501847305,-10.1434908963947,1,0
"1485",14.9972052325882,-3.39904852159406,1,1
"1486",15.0280211950407,-8.93435374132144,1,0
"1487",15.0532699330505,-9.09915027370095,1,0
"1488",15.0764299140392,-5.71658164126637,1,0
"1490",15.1161787902571,23.0905110792044,1,0
"1491",15.1183414303059,17.6405216840626,0,1
"1493",15.1371364262689,-6.79094636085434,1,0
"1494",15.1891610893178,5.12786523273298,1,1
"1495",15.2193393600965,-1.1012190421077,1,1
"1497",15.2767521144471,13.1774090192248,0,1
"1498",15.2819195498656,-6.54048861034729,1,0
"1499",15.3004984223671,-10.926237051378,0,0
"1500",15.39525183161,15.0364143843257,0,1
"1501",15.4047530112667,14.5535285191604,0,1
"1502",15.4284929112967,5.23459362742179,1,1
"1503",15.4504298204672,13.2757496151599,0,1
"1504",15.4873941842304,-1.35724393733423,1,1
"1505",15.5259261162915,-6.472928458517,1,0
"1507",15.5610468758894,17.2553210024038,0,1
"1508",15.5761785684217,-14.73534328582,0,0
"1509",15.59227891232,-15.7082673491678,1,0
"1510",15.6084820416388,16.3466812229966,0,1
"1511",15.616343866627,-15.3265943558199,1,0
"1513",15.6434529293997,1.87916034840967,1,1
"1514",15.7791715042548,-2.90063694936941,1,1
"1515",15.822063809406,-1.98480418821542,1,1
"1517",15.8903115653071,-13.482472686718,0,0
"1518",15.9961895893804,-8.97305277812966,1,0
"1519",16.0114995502331,5.28070684762433,1,1
"1520",16.0294544379251,-16.1272214364703,1,0
"1521",16.1204045022005,11.1941806680622,0,1
"1522",16.1320387562828,5.00578575701403,1,1
"1523",16.1706908877895,17.4464512426453,0,1
"1524",16.1894569343006,17.7770217983106,0,1
"1525",16.199066744719,4.98535570112719,1,1
"1526",16.2579383561256,0.838827707695582,1,1
"1527",16.2776511731613,20.4081755368712,0,0
"1530",16.3691325569526,-13.308565009473,1,0
"1531",16.3892727504498,5.79678013687277,1,1
"1532",16.3908770665178,-19.5676773106508,1,0
"1533",16.3995469698606,-19.5652466389232,1,0
"1534",16.4287679651727,14.3405218140633,0,1
"1536",16.469661615427,10.5761849601268,0,1
"1537",16.5629202279607,11.1843141709204,0,1
"1538",16.5905965403455,17.8160331445527,0,1
"1539",16.5909858750457,-1.3253699781292,1,1
"1540",16.6243791248565,14.6269933163832,0,1
"1541",16.6578367723505,16.0778973084832,0,1
"1542",16.6947169001901,14.9891031741189,0,1
"1543",16.7011340776715,19.3380897467409,0,0
"1544",16.7268259130122,15.7309023994376,0,1
"1547",16.7815405880886,0.458443373426297,1,1
"1549",16.9638300711247,18.2481030806554,0,1
"1550",16.9861657009019,-7.35374367553202,1,0
"1551",16.9888848352374,5.81462170722613,1,1
"1552",17.0174589085915,21.2943830865246,0,0
"1554",17.1117851952666,-0.150726572002817,1,1
"1555",17.1419573988014,12.4496552976679,0,1
"1556",17.1573149663043,21.914537164039,0,0
"1557",17.1916761471042,11.9292284413634,0,1
"1559",17.2291166923978,14.9173654370081,0,1
"1561",17.3042242249628,18.190706712474,0,1
"1562",17.4125832891213,-0.157213563752227,1,1
"1563",17.4325181167284,18.6706844725772,0,0
"1565",17.4657773412247,16.6396077517941,0,1
"1566",17.581607229908,-0.413293658974261,1,1
"1567",17.6993390132877,16.1483606546477,0,1
"1568",17.7890785009044,18.3261560756992,0,0
"1569",17.8892245931836,10.2637085858054,1,1
"1570",17.9210237579625,17.4818267125189,0,1
"1572",18.0977889466541,18.5077297300818,0,0
"1573",18.1002140259317,-5.54422961118743,0,0
"1574",18.1549778608704,13.5037972653503,0,1
"1576",18.1770213867939,23.2395312343895,1,0
"1578",18.2052401128905,17.8962549475341,0,1
"1579",18.2109493162139,23.4128569855014,1,0
"1580",18.2422313482646,16.3499780532399,0,1
"1582",18.386951951092,13.2885849767164,0,1
"1583",18.4629421069811,13.0319881319276,0,1
"1584",18.489682396941,13.1294855215229,0,1
"1585",18.4993531023006,11.6759892567214,1,1
"1586",18.5133944866163,16.0783113170865,0,1
"1587",18.684670130686,13.8518867315642,0,1
"1588",18.7097252098251,-4.06546717743873,0,1
"1589",18.7249862045733,6.59667687698073,0,1
"1590",18.735179718909,2.0786256506939,1,1
"1592",18.7843461133071,16.5079024919741,0,1
"1593",18.8654739238348,17.3372026578229,0,1
"1594",18.8922816380696,2.21550637082436,1,1
"1595",18.9156905954793,14.6658347958906,1,1
"1596",18.9887209098384,-6.17684083967858,0,0
"1597",19.0039174241445,3.48426461123064,1,1
"1598",19.0967372432456,4.01951377582705,1,1
"1600",19.3782711956548,13.8858153278845,0,1
"1601",19.3952603954955,2.89531695400402,1,1
"1602",19.4435061666168,21.4407271287214,1,0
"1603",19.4438592021469,-7.29475531637391,0,0
"1604",19.4860767831616,-5.69162238362449,1,0
"1607",19.5807098823483,2.78647863017686,1,1
"1608",19.6012907893086,6.19941360206062,1,1
"1609",19.6233371983752,18.2145902105242,0,0
"1610",19.6570043568772,5.12812837434273,1,1
"1612",19.6999285087489,11.4299485009425,1,1
"1613",19.7383774508675,6.48592063836429,1,1
"1614",19.7586802187451,20.4203449560902,1,0
"1615",19.7737744639198,-4.18764370255489,1,1
"1616",19.8360006885506,-4.18930216121387,1,1
"1617",19.8855327015414,10.6961512305,1,1
"1618",19.9018538477376,10.3676232364796,1,1
"1619",19.9656787850123,20.2289318935676,1,0
"1620",19.9974251049379,6.24108228088955,1,1
"1621",19.9976567737539,4.93202860213716,1,1
"1622",20.0180880685665,5.58438597828352,1,1
"1623",20.0246331075554,9.46951732126838,1,1
"1624",20.0451781501573,10.85570921336,1,1
"1625",20.1844562682296,6.28962186996985,1,1
"1626",20.2065757351511,-0.362690139985526,0,1
"1627",20.270259448697,13.6259687517991,1,1
"1628",20.3378031958789,9.40380188638284,1,1
"1629",20.3464985954379,3.02740010109884,1,1
"1630",20.4428951728474,4.09112206400344,1,1
"1632",20.4520920209663,6.21064765107502,1,1
"1633",20.477242484153,20.5910941806847,1,0
"1635",20.5457371976398,14.4803862009621,1,1
"1636",20.5892406476182,8.87433368821714,1,1
"1637",20.6378833766997,6.45557051760654,1,1
"1639",20.6635880220077,9.24962350482966,1,1
"1641",20.94486021644,17.0201866755524,1,1
"1642",20.9686485805745,17.5405349524293,1,1
"1643",20.9865093345093,18.7246975828241,1,0
"1644",20.9894866538917,6.53740066095611,1,1
"1645",20.9916384183822,5.17995128598797,1,1
"1646",21.0281886892006,7.63947923516138,1,1
"1649",21.2858248415407,19.2967837981254,1,0
"1650",21.3061609428283,19.097017531686,1,0
"1651",21.3713080353961,19.1784971317889,1,0
"1652",21.3726658498918,5.44558841984511,1,1
"1653",21.3814122092885,19.4869187808707,1,0
"1656",21.4603641564306,17.4718082439368,1,1
"1657",21.4853349472836,6.83580741475228,1,1
"1658",21.5073472784896,6.76544184485659,1,1
"1659",21.5475028241063,11.7736106193191,1,1
"1660",21.5499906783873,11.493668532792,1,1
"1661",21.6049967771404,6.79571770428708,1,1
"1662",21.6485466785785,11.4697319119158,1,1
"1664",21.7185477990052,7.2512525300233,1,1
"1666",21.984117747353,17.8473314411719,1,1
"1667",22.38288474826,9.0345046850476,1,1
"1668",22.4162268699783,17.4126035109552,1,1
"1670",22.4833538128088,13.2415968874826,1,1
"1671",22.4878833962442,8.93063690940665,1,1
"1672",22.4904149720351,13.0659023607063,1,1
"1673",22.5670502332813,13.9120636348123,1,1
"1674",22.6259070271889,16.7826871251697,1,1
"1675",22.7784530042613,5.81869633873618,1,1
"1676",22.7943109148245,5.64379855903379,1,1
"1677",22.8059285004737,16.8726056352125,1,1
"1678",22.8674989304913,16.8592421997329,1,1
"1679",22.9180664033317,-0.292300202893362,0,1
"1680",22.9296276310504,9.90186562407536,1,1
"1681",22.940519556562,5.43417553919818,1,1
"1682",22.9568878203694,-0.317022378990788,0,1
"1683",23.0034600535598,-0.323129215409528,0,1
"1684",23.0648058337072,10.1503410265998,1,1
"1685",23.2095069813864,-0.476185229940546,0,1
"1686",23.2580252967621,15.9320461007257,1,1
"1687",23.2617051673774,13.1302418296537,1,1
"1688",23.2939257760463,16.3018920846379,1,1
"1689",23.4543175133157,18.2436660647726,1,0
"1690",23.6548729565274,15.7855288795001,1,1
"1692",23.7147291993612,10.7181785306655,1,1
"1693",23.9628731138025,13.0512777199161,0,1
"1697",24.4239549874488,11.6116816012443,1,1
"1698",24.5268015429486,12.4451646800117,1,1
"1699",24.7952248545252,12.5149114999251,1,1
"1700",25.2949355627198,12.5521521714371,1,1
